<?xml version="1.0" encoding="UTF-8"?>
<Configuration shutdownHook="disable" status="debug" strict="true" name="log4j2" >
    <Properties>
        <Property name="rollingDir">${sys:APP_FINAL_LOG_DIR}</Property>
        <Property name="logFile">${sys:LOG_PATH}.log</Property>
    </Properties>
    <Appenders>
        <Appender type="Console" name="appConsole">
            <Layout type="PatternLayout" pattern="%d %p  %c [%t] %m %n"/>
        </Appender>

        <RollingFile name="logFile" fileName="${rollingDir}/${logFile}" append="true"
                     filePattern="${rollingDir}/${date:yyyy-MM-dd}/${logFile}-%d{MM-dd-yyyy}-%i.log.gz">
            <PatternLayout pattern="%d{yyyy-MM-dd 'at' HH:mm:ss z} %-5level %logger{36} [%t] %L %M - %msg%xEx%n"/>
            <SizeBasedTriggeringPolicy size="100 MB"/>
            <DefaultRolloverStrategy max="10000"/>
        </RollingFile>

    </Appenders>

    <Loggers>

        <Logger name="me.libme" level="debug" additivity="false">
            <AppenderRef ref="appConsole"/>
            <AppenderRef ref="logFile"/>
        </Logger>

        <Logger name="test" level="debug" additivity="false">
            <AppenderRef ref="appConsole"/>
            <AppenderRef ref="logFile"/>
        </Logger>

        <Logger name="shared" level="debug" additivity="false">
            <AppenderRef ref="appConsole"/>
            <AppenderRef ref="logFile"/>
        </Logger>

        <!-- third part-->
        <Logger name="com" level="debug" additivity="false">
            <AppenderRef ref="logFile"/>
            <AppenderRef ref="appConsole"/>
        </Logger>

        <Logger name="io" level="debug" additivity="false">
            <AppenderRef ref="logFile"/>
            <AppenderRef ref="appConsole"/>
        </Logger>

        <Logger name="org" level="debug" additivity="false">
            <AppenderRef ref="logFile"/>
            <AppenderRef ref="appConsole"/>
        </Logger>

        <Logger name="brave" level="debug" additivity="false">
            <AppenderRef ref="logFile"/>
            <AppenderRef ref="appConsole"/>
        </Logger>

        <Logger name="javax" level="debug" additivity="false">
            <AppenderRef ref="logFile"/>
            <AppenderRef ref="appConsole"/>
        </Logger>

        <Logger name="net" level="debug" additivity="false">
            <AppenderRef ref="logFile"/>
            <AppenderRef ref="appConsole"/>
        </Logger>

        <Logger name="org.apache.http" level="info" additivity="false">
            <AppenderRef ref="logFile"/>
            <AppenderRef ref="appConsole"/>
        </Logger>

        <Logger name="org.apache.kafka" level="info" additivity="false">
            <AppenderRef ref="logFile"/>
            <AppenderRef ref="appConsole"/>
        </Logger>

        <Logger name="com.netflix.discovery" level="info" additivity="false">
            <AppenderRef ref="logFile"/>
            <AppenderRef ref="appConsole"/>
        </Logger>

        <!-- end third part-->

        <root>
            <priority value ="error"/>
            <appender-ref ref="appConsole"/>
            <AppenderRef ref="logFile"/>
        </root>

    </Loggers>

</Configuration>